image,hierarchy,composition,typography,rhythm,density,proof_visibility,mechanism_clarity,brand_coherence,overall
face-01.png,,,,,,,,,
face-02.png,,,,,,,,,
face-03.png,,,,,,,,,
face-04.png,,,,,,,,,
face-05.png,,,,,,,,,
face-06.png,,,,,,,,,
face-07.png,,,,,,,,,
face-08.png,,,,,,,,,
face-09.png,,,,,,,,,
face-10.png,,,,,,,,,
face-11.png,,,,,,,,,
face-12.png,,,,,,,,,
face-13.png,,,,,,,,,
face-14.png,,,,,,,,,
face-15.png,,,,,,,,,
face-16.png,,,,,,,,,
face-17.png,,,,,,,,,
face-18.png,,,,,,,,,
face-19.png,,,,,,,,,
face-20.png,,,,,,,,,
face-21.png,,,,,,,,,
face-22.png,,,,,,,,,
face-23.png,,,,,,,,,
face-24.png,,,,,,,,,
face-25.png,,,,,,,,,
face-26.png,,,,,,,,,
face-27.png,,,,,,,,,
face-28.png,,,,,,,,,
face-29.png,,,,,,,,,
face-30.png,,,,,,,,,
face-31.png,,,,,,,,,
face-32.png,,,,,,,,,
face-33.png,,,,,,,,,
face-34.png,,,,,,,,,
face-35.png,,,,,,,,,
face-36.png,,,,,,,,,
face-37.png,,,,,,,,,
face-38.png,,,,,,,,,
face-39.png,,,,,,,,,
face-40.png,,,,,,,,,
